dteday,cnt,casual,registered,temp,hum,windspeed,ma_7,ma_30
2011-01-01,985,331,654,0.3441666666666667,0.8058333333333333,0.16044583333333332,,
2011-01-02,801,131,670,0.3634782608695652,0.696086956521739,0.24853913043478262,,
2011-01-03,1349,120,1229,0.19636363636363638,0.43727272727272726,0.2483090909090909,,
2011-01-04,1562,108,1454,0.19999999999999998,0.5904347826086956,0.16029565217391303,,
2011-01-05,1600,82,1518,0.22695652173913042,0.43695652173913047,0.1869,,
2011-01-06,1606,88,1518,0.20434782608695654,0.5182608695652174,0.08956521739130435,,
2011-01-07,1510,148,1362,0.1965217391304348,0.498695652173913,0.16872608695652175,1344.7142857142858,
2011-01-08,959,68,891,0.165,0.5358333333333333,0.2668041666666667,1341.0,
2011-01-09,822,54,768,0.13833333333333334,0.43416666666666665,0.36195,1344.0,
2011-01-10,1321,41,1280,0.15083333333333335,0.48291666666666666,0.2232666666666667,1340.0,
2011-01-11,1263,43,1220,0.1690909090909091,0.6863636363636364,0.12213181818181819,1297.2857142857142,
2011-01-12,1162,25,1137,0.17272727272727273,0.5995454545454545,0.30462727272727275,1234.7142857142858,
2011-01-13,1406,38,1368,0.165,0.47041666666666665,0.301,1206.142857142857,
2011-01-14,1421,54,1367,0.16086956521739132,0.5378260869565217,0.12654782608695653,1193.4285714285713,
2011-01-15,1248,222,1026,0.2333333333333333,0.49875,0.1579625,1234.7142857142858,
2011-01-16,1204,251,953,0.2316666666666667,0.48374999999999996,0.18843333333333334,1289.2857142857142,
2011-01-17,1000,117,883,0.1758333333333333,0.5375,0.19401666666666664,1243.4285714285713,
2011-01-18,683,9,674,0.21666666666666667,0.8616666666666667,0.14677500000000002,1160.5714285714287,
2011-01-19,1650,78,1572,0.29217391304347823,0.7417391304347826,0.20831739130434782,1230.2857142857142,
2011-01-20,1927,83,1844,0.26166666666666666,0.5383333333333333,0.19590416666666666,1304.7142857142858,
2011-01-21,1543,75,1468,0.1775,0.45708333333333334,0.3532416666666667,1322.142857142857,
2011-01-22,981,93,888,0.0591304347826087,0.39999999999999997,0.1719695652173913,1284.0,
2011-01-23,986,150,836,0.0965217391304348,0.43652173913043474,0.2466,1252.857142857143,
2011-01-24,1416,86,1330,0.0973913043478261,0.4917391304347826,0.1583304347826087,1312.2857142857142,
2011-01-25,1985,186,1799,0.2234782608695652,0.6169565217391304,0.12979565217391303,1498.2857142857142,
2011-01-26,506,34,472,0.2175,0.8625,0.29385,1334.857142857143,
2011-01-27,431,15,416,0.195,0.6875,0.11383750000000001,1121.142857142857,
2011-01-28,1167,38,1129,0.2034782608695652,0.7930434782608696,0.1233,1067.4285714285713,
2011-01-29,1098,123,975,0.19652173913043477,0.6517391304347826,0.14536521739130434,1084.142857142857,
2011-01-30,1096,140,956,0.2165217391304348,0.7221739130434782,0.07398260869565218,1099.857142857143,1222.9333333333334
2011-01-31,1501,42,1459,0.18083333333333332,0.60375,0.18719166666666667,1112.0,1240.1333333333334
2011-02-01,1360,47,1313,0.19217391304347825,0.8295652173913044,0.05321304347826087,1022.7142857142857,1258.7666666666667
2011-02-02,1526,72,1454,0.26,0.7754166666666666,0.2643083333333333,1168.4285714285713,1264.6666666666667
2011-02-03,1550,61,1489,0.18695652173913044,0.43782608695652175,0.27775217391304347,1328.2857142857142,1264.2666666666667
2011-02-04,1708,88,1620,0.21130434782608698,0.5852173913043479,0.12783913043478262,1405.5714285714287,1267.8666666666666
2011-02-05,1005,100,905,0.2333333333333333,0.9291666666666667,0.16107916666666666,1392.2857142857142,1247.8333333333333
2011-02-06,1623,354,1269,0.28583333333333333,0.5683333333333334,0.1418,1467.5714285714287,1251.6
2011-02-07,1712,120,1592,0.27166666666666667,0.7383333333333333,0.045408333333333335,1497.7142857142858,1276.7
2011-02-08,1530,64,1466,0.22083333333333333,0.5379166666666667,0.36195,1522.0,1300.3
2011-02-09,1605,53,1552,0.13478260869565217,0.4947826086956522,0.18883913043478262,1533.2857142857142,1309.7666666666667
2011-02-10,1538,47,1491,0.14434782608695654,0.4373913043478261,0.22193478260869565,1531.5714285714287,1318.9333333333334
2011-02-11,1746,149,1597,0.1890909090909091,0.5063636363636363,0.10855000000000001,1537.0,1338.4
2011-02-12,1472,288,1184,0.2225,0.5441666666666667,0.20336666666666667,1603.7142857142858,1340.6
2011-02-13,1589,397,1192,0.3165217391304348,0.45739130434782604,0.26088260869565216,1598.857142857143,1346.2
2011-02-14,1913,208,1705,0.41500000000000004,0.3758333333333333,0.4179083333333333,1627.5714285714287,1368.3666666666666
2011-02-15,1815,140,1675,0.26608695652173914,0.31434782608695655,0.29137391304347826,1668.2857142857142,1388.7333333333333
2011-02-16,2115,218,1897,0.31826086956521743,0.42347826086956525,0.2517913043478261,1741.142857142857,1425.9
2011-02-17,2475,259,2216,0.43583333333333335,0.505,0.23010416666666667,1875.0,1485.6333333333334
2011-02-18,2927,579,2348,0.5216666666666666,0.5166666666666667,0.264925,2043.7142857142858,1528.2
2011-02-19,1635,532,1103,0.39916666666666667,0.18791666666666665,0.5074625,2067.0,1518.4666666666667
2011-02-20,1812,639,1173,0.28521739130434787,0.40782608695652167,0.22323478260869567,2098.8571428571427,1527.4333333333334
2011-02-21,1107,195,912,0.30333333333333334,0.605,0.3078458333333333,1983.7142857142858,1531.6333333333334
2011-02-22,1450,74,1376,0.18222222222222223,0.5777777777777778,0.19568333333333332,1931.5714285714287,1547.1
2011-02-23,1917,139,1778,0.2217391304347826,0.4230434782608696,0.09411304347826087,1903.2857142857142,1563.8
2011-02-24,1807,100,1707,0.2956521739130435,0.697391304347826,0.25049565217391306,1807.857142857143,1557.8666666666666
2011-02-25,1461,120,1341,0.36434782608695654,0.7121739130434782,0.34653913043478257,1598.4285714285713,1589.7
2011-02-26,1969,424,1545,0.28250000000000003,0.5379166666666667,0.18657083333333335,1646.142857142857,1640.9666666666667
2011-02-27,2402,694,1708,0.34347826086956523,0.68,0.12524782608695653,1730.4285714285713,1682.1333333333334
2011-02-28,1446,81,1365,0.4072727272727273,0.8763636363636365,0.28968636363636363,1778.857142857143,1693.7333333333333
2011-03-01,1851,137,1714,0.26666666666666666,0.535,0.216425,1836.142857142857,1718.9
2011-03-02,2134,231,1903,0.335,0.4495833333333333,0.30783333333333335,1867.142857142857,1740.0
2011-03-03,1685,123,1562,0.19833333333333333,0.3183333333333333,0.22575416666666667,1849.7142857142858,1750.8333333333333
2011-03-04,1944,214,1730,0.26166666666666666,0.6104166666666667,0.20334583333333334,1918.7142857142858,1764.7666666666667
2011-03-05,2077,640,1437,0.3841666666666667,0.7891666666666667,0.2518708333333333,1934.142857142857,1782.3333333333333
2011-03-06,605,114,491,0.3765217391304348,0.9482608695652174,0.34328695652173913,1677.4285714285713,1745.5666666666666
2011-03-07,1872,244,1628,0.26173913043478264,0.551304347826087,0.34135217391304346,1738.2857142857142,1774.4666666666667
2011-03-08,2133,316,1817,0.2925,0.42083333333333334,0.12065,1778.5714285714287,1791.4666666666667
2011-03-09,1891,191,1700,0.29583333333333334,0.7754166666666666,0.22014999999999998,1743.857142857143,1797.4333333333334
2011-03-10,623,46,577,0.3890909090909091,0.0,0.26187727272727274,1592.142857142857,1767.2
2011-03-11,1977,247,1730,0.3165217391304348,0.6495652173913044,0.2329695652173913,1596.857142857143,1779.6
2011-03-12,2132,724,1408,0.32916666666666666,0.5945833333333334,0.22077500000000003,1604.7142857142858,1799.4
2011-03-13,2417,982,1435,0.3843478260869565,0.5273913043478261,0.270604347826087,1863.5714285714287,1821.7666666666667
2011-03-14,2046,359,1687,0.32521739130434785,0.4969565217391304,0.13692608695652173,1888.4285714285713,1840.9
2011-03-15,2056,289,1767,0.3173913043478261,0.6556521739130435,0.18430869565217395,1877.4285714285713,1856.4666666666667
2011-03-16,2192,321,1871,0.3652173913043478,0.7765217391304348,0.2031173913043478,1920.4285714285713,1865.7666666666667
2011-03-17,2744,424,2320,0.41500000000000004,0.6029166666666667,0.20957916666666665,2223.4285714285716,1896.7333333333333
2011-03-18,3239,884,2355,0.54,0.5252173913043479,0.2310173913043478,2403.714285714286,1934.2
2011-03-19,3117,1424,1693,0.4725,0.37916666666666665,0.3681666666666667,2544.4285714285716,1955.6
2011-03-20,2471,1047,1424,0.3325,0.47375000000000006,0.20772083333333335,2552.1428571428573,1940.4
2011-03-21,2077,401,1676,0.43043478260869567,0.7373913043478261,0.2887826086956522,2556.5714285714284,1955.1333333333334
2011-03-22,2703,460,2243,0.44166666666666665,0.6245833333333334,0.22575,2649.0,1984.8333333333333
2011-03-23,2121,203,1918,0.34695652173913044,0.8395652173913043,0.23426086956521738,2638.8571428571427,2018.6333333333334
2011-03-24,1865,166,1699,0.285,0.8058333333333333,0.24378750000000002,2513.285714285714,2032.4666666666667
2011-03-25,2210,300,1910,0.26416666666666666,0.49499999999999994,0.23072499999999999,2366.285714285714,2042.2333333333333
2011-03-26,2496,981,1515,0.2658333333333333,0.3941666666666667,0.20957083333333335,2277.5714285714284,2065.2
2011-03-27,1693,472,1221,0.2530434782608696,0.49391304347826087,0.1843,2166.4285714285716,2072.9333333333334
2011-03-28,2028,222,1806,0.2643478260869565,0.3021739130434783,0.21220434782608696,2159.4285714285716,2074.9
2011-03-29,2425,317,2108,0.3025,0.31416666666666665,0.2269958333333333,2119.714285714286,2075.6666666666665
2011-03-30,1536,168,1368,0.3,0.6466666666666666,0.1728875,2036.142857142857,2078.6666666666665
2011-03-31,1685,179,1506,0.26833333333333337,0.9183333333333333,0.21764583333333332,2010.4285714285713,2073.133333333333
2011-04-01,2227,307,1920,0.3,0.6862499999999999,0.2587083333333334,2012.857142857143,2076.233333333333
2011-04-02,2252,898,1354,0.315,0.6537499999999999,0.19714583333333335,1978.0,2095.133333333333
2011-04-03,3249,1651,1598,0.37833333333333335,0.48,0.1822125,2200.285714285714,2138.633333333333
2011-04-04,3115,734,2381,0.5733333333333334,0.42625,0.38557083333333336,2355.5714285714284,2173.233333333333
2011-04-05,1795,167,1628,0.4141666666666666,0.6420833333333333,0.3880666666666666,2265.5714285714284,2212.9
2011-04-06,2808,413,2395,0.39083333333333337,0.47083333333333327,0.26306250000000003,2447.285714285714,2244.1
2011-04-07,3141,571,2570,0.4375,0.6029166666666667,0.1623125,2655.285714285714,2277.7
2011-04-08,1471,172,1299,0.3358333333333334,0.83625,0.22699166666666667,2547.285714285714,2263.7
2011-04-09,2455,879,1576,0.3425,0.8775,0.13308333333333333,2576.285714285714,2324.766666666667
2011-04-10,2895,1188,1707,0.4266666666666667,0.8574999999999999,0.14676666666666668,2525.714285714286,2355.366666666667
2011-04-11,3348,855,2493,0.5956521739130435,0.7169565217391304,0.3244739130434783,2559.0,2395.9
2011-04-12,2034,257,1777,0.5025000000000001,0.7391666666666666,0.2748791666666667,2593.1428571428573,2383.133333333333
2011-04-13,2162,209,1953,0.41250000000000003,0.8191666666666667,0.25061666666666665,2500.8571428571427,2387.0
2011-04-14,3267,529,2738,0.4675,0.5404166666666667,0.1107,2518.8571428571427,2427.366666666667
2011-04-15,3126,642,2484,0.4466666666666667,0.67125,0.226375,2755.285714285714,2458.5
2011-04-16,795,121,674,0.43083333333333335,0.8883333333333333,0.3408083333333333,2518.1428571428573,2393.5333333333333
2011-04-17,3744,1558,2186,0.4566666666666667,0.4795833333333333,0.30349583333333335,2639.4285714285716,2410.366666666667
2011-04-18,3429,669,2760,0.5125000000000001,0.5425,0.16356666666666667,2651.0,2420.766666666667
2011-04-19,3204,409,2795,0.5058333333333334,0.6658333333333334,0.15797083333333334,2818.1428571428573,2445.2
2011-04-20,3944,613,3331,0.595,0.6141666666666666,0.24192500000000003,3072.714285714286,2507.4333333333334
2011-04-21,4189,745,3444,0.45916666666666667,0.4070833333333333,0.32525833333333337,3204.4285714285716,2556.9666666666667
2011-04-22,1683,177,1506,0.33666666666666667,0.7295833333333334,0.2195208333333333,2998.285714285714,2542.366666666667
2011-04-23,4036,1462,2574,0.46,0.8879166666666666,0.23072499999999999,3461.285714285714,2614.733333333333
2011-04-24,4191,1710,2481,0.5816666666666667,0.8108333333333334,0.19217499999999998,3525.1428571428573,2680.766666666667
2011-04-25,4073,773,3300,0.6066666666666667,0.7766666666666667,0.18533333333333335,3617.1428571428573,2733.3333333333335
2011-04-26,4400,678,3722,0.6316666666666667,0.7291666666666666,0.3265,3788.0,2823.5666666666666
2011-04-27,3872,547,3325,0.62,0.8354166666666667,0.3122,3777.714285714286,2885.0333333333333
2011-04-28,4058,569,3489,0.6175,0.7008333333333333,0.32090833333333335,3759.0,2939.4666666666667
2011-04-29,4595,878,3717,0.51,0.45708333333333334,0.24006249999999998,4175.0,3041.4333333333334
2011-04-30,5312,1965,3347,0.4725,0.5033333333333333,0.235075,4357.285714285715,3162.3333333333335
2011-05-01,3351,1138,2213,0.45166666666666666,0.7620833333333333,0.10635416666666668,4237.285714285715,3199.8
2011-05-02,4401,847,3554,0.5491666666666667,0.73,0.18345416666666667,4284.142857142857,3271.4333333333334
2011-05-03,4451,603,3848,0.6166666666666667,0.6970833333333334,0.3426666666666667,4291.428571428572,3311.5
2011-05-04,2633,255,2378,0.4141666666666666,0.7370833333333334,0.3289958333333333,4114.428571428572,3295.4333333333334
2011-05-05,4433,614,3819,0.45916666666666667,0.44416666666666665,0.29539166666666666,4168.0,3383.366666666667
2011-05-06,4608,894,3714,0.4791666666666667,0.59,0.22824583333333334,4169.857142857143,3443.366666666667
2011-05-07,4714,1612,3102,0.52,0.54125,0.16045,4084.4285714285716,3495.8
2011-05-08,4333,1401,2932,0.5283333333333333,0.6316666666666667,0.0746375,4224.714285714285,3591.2
2011-05-09,4362,664,3698,0.5325,0.58875,0.17600000000000002,4219.142857142857,3654.766666666667
2011-05-10,4803,694,4109,0.5325000000000001,0.4891666666666667,0.11567083333333333,4269.428571428572,3718.366666666667
2011-05-11,4182,550,3632,0.5425,0.6329166666666667,0.12064166666666666,4490.714285714285,3746.1666666666665
2011-05-12,4864,695,4169,0.535,0.7475,0.18966666666666665,4552.285714285715,3840.5
2011-05-13,4105,692,3413,0.5125000000000001,0.8633333333333333,0.17972500000000002,4480.428571428572,3905.266666666667
2011-05-14,3409,902,2507,0.5208333333333334,0.9225,0.13495,4294.0,3910.0
2011-05-15,4553,1582,2971,0.5625,0.8670833333333333,0.15297916666666667,4325.428571428572,3957.5666666666666
2011-05-16,3958,773,3185,0.5775,0.7879166666666667,0.12687083333333335,4267.714285714285,4063.0
2011-05-17,4123,678,3445,0.5616666666666666,0.8379166666666666,0.2773541666666666,4170.571428571428,4075.633333333333
2011-05-18,3855,536,3319,0.55,0.87,0.20149166666666665,4123.857142857143,4089.8333333333335
2011-05-19,4575,735,3840,0.5308333333333334,0.8295833333333333,0.1082125,4082.5714285714284,4135.533333333334
2011-05-20,4917,909,4008,0.5366666666666667,0.7195833333333334,0.1250125,4198.571428571428,4167.966666666666
2011-05-21,5805,2258,3547,0.6025,0.6266666666666666,0.12065,4540.857142857143,4221.833333333333
2011-05-22,4660,1576,3084,0.6041666666666666,0.7495833333333333,0.14800833333333333,4556.142857142857,4321.066666666667
2011-05-23,4274,836,3438,0.6316666666666667,0.8099999999999999,0.23384166666666664,4601.285714285715,4329.0
2011-05-24,4492,659,3833,0.66,0.7408333333333333,0.20709166666666667,4654.0,4339.033333333334
2011-05-25,4978,740,4238,0.6608333333333333,0.69625,0.15423333333333333,4814.428571428572,4369.2
2011-05-26,4677,758,3919,0.7083333333333334,0.6775000000000001,0.1996416666666667,4829.0,4378.433333333333
2011-05-27,4679,871,3808,0.6816666666666666,0.6537499999999999,0.24067916666666667,4795.0,4405.333333333333
2011-05-28,4758,2001,2757,0.6558333333333334,0.7295833333333334,0.23009166666666667,4645.428571428572,4428.666666666667
2011-05-29,4788,2355,2433,0.6675,0.81875,0.2139375,4663.714285714285,4435.1
2011-05-30,4098,1549,2549,0.7333333333333334,0.6849999999999999,0.131225,4638.571428571428,4394.633333333333
2011-05-31,3982,673,3309,0.775,0.6366666666666666,0.11132916666666666,4565.714285714285,4415.666666666667
2011-06-01,3974,513,3461,0.7641666666666667,0.6770833333333334,0.20709166666666667,4422.285714285715,4401.433333333333
2011-06-02,4968,736,4232,0.715,0.305,0.2922875,4463.857142857143,4418.666666666667
2011-06-03,5312,898,4414,0.62,0.3541666666666667,0.25312083333333335,4554.285714285715,4507.966666666666
2011-06-04,5342,1869,3473,0.635,0.45625,0.12314166666666666,4637.714285714285,4538.266666666666
2011-06-05,4906,1685,3221,0.6483333333333333,0.6525,0.13869166666666669,4654.571428571428,4548.2
2011-06-06,4548,673,3875,0.6783333333333333,0.6,0.12189583333333333,4718.857142857143,4542.666666666667
2011-06-07,4833,763,4070,0.7075,0.5979166666666667,0.18780833333333333,4840.428571428572,4559.333333333333
2011-06-08,4401,676,3725,0.7758333333333334,0.6220833333333333,0.13681666666666667,4901.428571428572,4560.633333333333
2011-06-09,3915,563,3352,0.8083333333333332,0.5683333333333334,0.14988333333333334,4751.0,4531.033333333334
2011-06-10,4586,815,3771,0.755,0.605,0.14055416666666667,4647.285714285715,4544.5
2011-06-11,4966,1729,3237,0.725,0.6545833333333334,0.15485000000000002,4593.571428571428,4547.9
2011-06-12,4460,1467,2993,0.6925,0.7479166666666667,0.16356666666666667,4529.857142857143,4559.733333333334
2011-06-13,5020,863,4157,0.635,0.4945833333333333,0.30535,4597.285714285715,4613.433333333333
2011-06-14,4891,727,4164,0.6041666666666666,0.5070833333333333,0.2692833333333333,4605.571428571428,4624.7
2011-06-15,5180,769,4411,0.6266666666666666,0.4716666666666667,0.16791250000000002,4716.857142857143,4665.433333333333
2011-06-16,3767,545,3222,0.6283333333333333,0.6883333333333334,0.20647083333333335,4695.714285714285,4653.566666666667
2011-06-17,4844,863,3981,0.6491666666666667,0.7358333333333333,0.14302916666666668,4732.571428571428,4686.533333333334
2011-06-18,5119,1807,3312,0.6966666666666667,0.6704166666666667,0.11940833333333334,4754.428571428572,4704.666666666667
2011-06-19,4744,1639,3105,0.6991666666666667,0.6666666666666666,0.102,4795.0,4698.9
2011-06-20,4010,699,3311,0.635,0.74625,0.155475,4650.714285714285,4639.066666666667
2011-06-21,4835,774,4061,0.6808333333333333,0.7704166666666666,0.17102499999999998,4642.714285714285,4644.9
2011-06-22,4507,661,3846,0.7333333333333334,0.7075,0.17226249999999999,4546.571428571428,4652.666666666667
2011-06-23,4790,746,4044,0.7283333333333334,0.7033333333333333,0.23880416666666668,4692.714285714285,4662.6
2011-06-24,4991,969,4022,0.7241666666666666,0.5733333333333334,0.222025,4713.714285714285,4663.033333333334
2011-06-25,5202,1782,3420,0.695,0.48333333333333334,0.20957083333333335,4725.571428571428,4680.533333333334
2011-06-26,5305,1920,3385,0.68,0.5133333333333333,0.09453333333333334,4805.714285714285,4701.4
2011-06-27,4708,854,3854,0.6825,0.6583333333333333,0.1075875,4905.428571428572,4699.733333333334
2011-06-28,4648,732,3916,0.7441666666666666,0.6341666666666667,0.14428333333333335,4878.714285714285,4695.066666666667
2011-06-29,5225,848,4377,0.7283333333333334,0.4979166666666666,0.26182083333333334,4981.285714285715,4732.633333333333
2011-06-30,5515,1027,4488,0.6966666666666667,0.43416666666666665,0.1853125,5084.857142857143,4783.733333333334
2011-07-01,5362,1246,4116,0.7225,0.39625,0.10260833333333334,5137.857142857143,4830.0
2011-07-02,5119,2204,2915,0.7383333333333333,0.44458333333333333,0.1150625,5126.0,4835.033333333334
2011-07-03,4649,2282,2367,0.7166666666666667,0.6825,0.2288583333333333,5032.285714285715,4812.933333333333
2011-07-04,6043,3065,2978,0.7266666666666667,0.6379166666666667,0.08147916666666667,5223.0,4836.3
2011-07-05,4665,1031,3634,0.7466666666666667,0.5904166666666667,0.12625833333333333,5225.428571428572,4828.266666666666
2011-07-06,4629,784,3845,0.7200000000000001,0.7433333333333333,0.14988333333333334,5140.285714285715,4830.966666666666
2011-07-07,4592,754,3838,0.75,0.65125,0.1592,5008.428571428572,4822.933333333333
2011-07-08,4040,692,3348,0.7091666666666666,0.7579166666666667,0.22512916666666669,4819.571428571428,4810.9
2011-07-09,5336,1988,3348,0.7333333333333334,0.6091666666666666,0.16791250000000002,4850.571428571428,4858.266666666666
2011-07-10,4881,1743,3138,0.7475,0.5783333333333334,0.18347083333333333,4883.714285714285,4868.1
2011-07-11,4086,723,3363,0.7625000000000001,0.6358333333333334,0.28233749999999996,4604.142857142857,4838.766666666666
2011-07-12,4258,662,3596,0.7941666666666666,0.5591666666666667,0.20025416666666665,4546.0,4832.033333333334
2011-07-13,4342,748,3594,0.7466666666666666,0.6316666666666667,0.14613333333333334,4505.0,4809.433333333333
2011-07-14,5084,888,4196,0.6808333333333333,0.47625,0.24066666666666667,4575.285714285715,4815.866666666667
2011-07-15,5538,1318,4220,0.6633333333333333,0.5912499999999999,0.18283333333333332,4789.285714285715,4827.8
2011-07-16,5923,2418,3505,0.6866666666666666,0.5850000000000001,0.20834166666666668,4873.142857142857,4899.666666666667
2011-07-17,5302,2006,3296,0.7191666666666667,0.6041666666666666,0.24503333333333333,4933.285714285715,4914.933333333333
2011-07-18,4458,841,3617,0.7466666666666667,0.65125,0.21580416666666669,4986.428571428572,4892.9
2011-07-19,4541,752,3789,0.7766666666666667,0.6504166666666666,0.13060000000000002,5026.857142857143,4886.133333333333
2011-07-20,4332,644,3688,0.7683333333333334,0.7070833333333333,0.11381666666666666,5025.428571428572,4896.866666666667
2011-07-21,3784,632,3152,0.815,0.69125,0.22202083333333333,4839.714285714285,4861.833333333333
2011-07-22,3387,562,2825,0.8483333333333333,0.5804166666666667,0.1331,4532.428571428572,4824.5
2011-07-23,3285,987,2298,0.8491666666666666,0.5,0.13122083333333331,4155.571428571428,4774.333333333333
2011-07-24,3606,1050,2556,0.8300000000000001,0.5508333333333334,0.16917083333333335,3913.285714285714,4728.166666666667
2011-07-25,3840,568,3272,0.7433333333333333,0.7570833333333332,0.09080833333333332,3825.0,4682.766666666666
2011-07-26,4590,750,3840,0.7716666666666666,0.5408333333333334,0.20025833333333332,3832.0,4658.933333333333
2011-07-27,4656,755,3901,0.775,0.40291666666666665,0.1834625,3878.285714285714,4657.2
2011-07-28,4390,606,3784,0.7791666666666667,0.5833333333333334,0.17847916666666666,3964.8571428571427,4648.6
2011-07-29,3846,670,3176,0.8383333333333334,0.5425,0.17413750000000003,4030.4285714285716,4602.633333333333
2011-07-30,4475,1559,2916,0.8041666666666667,0.4658333333333333,0.1685375,4200.428571428572,4567.966666666666
2011-07-31,4302,1524,2778,0.8058333333333333,0.4808333333333333,0.1648125,4299.857142857143,4532.633333333333
2011-08-01,4266,729,3537,0.7716666666666666,0.5508333333333333,0.15671666666666667,4360.714285714285,4504.2
2011-08-02,4845,801,4044,0.7833333333333333,0.49124999999999996,0.20585,4397.142857142857,4510.733333333334
2011-08-03,3574,467,3107,0.7316666666666666,0.6575,0.13558333333333333,4242.571428571428,4428.433333333333
2011-08-04,4576,799,3777,0.71,0.7575,0.19715000000000002,4269.142857142857,4425.466666666666
2011-08-05,4866,1023,3843,0.7108333333333333,0.6308333333333334,0.1846958333333333,4414.857142857143,4433.366666666667
2011-08-06,4294,1521,2773,0.7166666666666667,0.755,0.22824999999999998,4389.0,4423.433333333333
2011-08-07,3785,1298,2487,0.7425,0.7529166666666667,0.2014875,4315.142857142857,4414.933333333333
2011-08-08,4326,846,3480,0.765,0.5920833333333334,0.19217499999999998,4323.714285714285,4381.266666666666
2011-08-09,4602,907,3695,0.775,0.5704166666666667,0.15112083333333334,4289.0,4371.966666666666
2011-08-10,4780,884,3896,0.7666666666666666,0.42416666666666664,0.20025833333333332,4461.285714285715,4395.1
2011-08-11,4792,812,3980,0.7174999999999999,0.42375,0.16479583333333334,4492.142857142857,4412.9
2011-08-12,4905,1051,3854,0.7083333333333334,0.41500000000000004,0.12562083333333332,4497.714285714285,4431.666666666667
2011-08-13,4150,1504,2646,0.6858333333333334,0.7295833333333333,0.2114541666666667,4477.142857142857,4400.533333333334
2011-08-14,3820,1338,2482,0.6766666666666666,0.8175,0.22263333333333335,4482.142857142857,4343.266666666666
2011-08-15,4338,775,3563,0.6658333333333334,0.7120833333333333,0.20895416666666666,4483.857142857143,4290.433333333333
2011-08-16,4725,721,4004,0.7008333333333333,0.5783333333333333,0.23632916666666667,4501.428571428572,4271.2
2011-08-17,4694,668,4026,0.7233333333333333,0.5754166666666667,0.14366666666666666,4489.142857142857,4279.066666666667
2011-08-18,3805,639,3166,0.7116666666666668,0.6545833333333334,0.23320833333333335,4348.142857142857,4254.533333333334
2011-08-19,4153,797,3356,0.685,0.7229166666666668,0.13930833333333334,4240.714285714285,4248.566666666667
2011-08-20,5191,1914,3277,0.6974999999999999,0.6741666666666667,0.10446666666666667,4389.428571428572,4295.466666666666
2011-08-21,3873,1249,2624,0.7108333333333333,0.77,0.2487541666666667,4397.0,4311.666666666667
2011-08-22,4758,833,3925,0.6916666666666668,0.47,0.27675,4457.0,4360.766666666666
2011-08-23,5895,1281,4614,0.6408333333333333,0.45541666666666664,0.1467625,4624.142857142857,4437.066666666667
2011-08-24,5130,949,4181,0.6733333333333333,0.605,0.2531083333333333,4686.428571428572,4480.066666666667
2011-08-25,3542,435,3107,0.6841666666666667,0.7716666666666666,0.21083333333333334,4648.857142857143,4445.133333333333
2011-08-26,4661,768,3893,0.7000000000000001,0.76125,0.0839625,4721.428571428572,4445.3
2011-08-27,1115,226,889,0.68,0.85,0.37561666666666665,4139.142857142857,4336.133333333333
2011-08-28,4334,1415,2919,0.7070588235294117,0.5617647058823529,0.30465882352941176,4205.0,4352.4
2011-08-29,4634,729,3905,0.6366666666666666,0.5545833333333333,0.159825,4187.285714285715,4357.7
2011-08-30,5204,775,4429,0.6391666666666667,0.5483333333333333,0.12500833333333333,4088.5714285714284,4387.766666666666
2011-08-31,5058,688,4370,0.6566666666666666,0.5979166666666667,0.08333333333333333,4078.285714285714,4414.166666666667
2011-09-01,5115,783,4332,0.655,0.6391666666666667,0.14179583333333332,4303.0,4423.166666666667
2011-09-02,4727,875,3852,0.6433333333333333,0.7270833333333333,0.13992916666666666,4312.428571428572,4461.6
2011-09-03,4484,1935,2549,0.6691666666666666,0.7166666666666667,0.185325,4793.714285714285,4458.533333333334
2011-09-04,4940,2521,2419,0.7091666666666666,0.7420833333333333,0.2064666666666667,4880.285714285715,4461.0
2011-09-05,3351,1236,2115,0.6733333333333333,0.7904166666666667,0.21269583333333333,4697.0,4429.566666666667
2011-09-06,2710,204,2506,0.54,0.8869565217391304,0.3439434782608696,4340.714285714285,4393.733333333334
2011-09-07,1996,118,1878,0.5991666666666667,0.9170833333333333,0.09702083333333333,3903.285714285714,4316.066666666667
2011-09-08,1842,153,1689,0.6339130434782608,0.9395652173913043,0.19274782608695654,3435.714285714286,4224.066666666667
2011-09-09,3544,417,3127,0.65,0.8979166666666667,0.12437916666666667,3266.714285714286,4182.866666666667
2011-09-10,5345,1750,3595,0.66,0.75375,0.15360833333333332,3389.714285714286,4201.3
2011-09-11,5046,1633,3413,0.6533333333333333,0.71375,0.11505416666666667,3404.8571428571427,4206.0
2011-09-12,4713,690,4023,0.6443478260869565,0.6921739130434783,0.08891304347826087,3599.4285714285716,4224.766666666666
2011-09-13,4763,701,4062,0.6508333333333333,0.7125,0.14180416666666668,3892.714285714286,4256.2
2011-09-14,4785,647,4138,0.6733333333333333,0.6970833333333334,0.1673,4291.142857142857,4271.1
2011-09-15,3659,428,3231,0.5775,0.7091666666666666,0.27114583333333336,4550.714285714285,4235.566666666667
2011-09-16,4760,742,4018,0.4691666666666667,0.5904166666666667,0.16418333333333332,4724.428571428572,4237.766666666666
2011-09-17,4511,1434,3077,0.4916666666666667,0.7183333333333333,0.189675,4605.285714285715,4261.3
2011-09-18,4274,1353,2921,0.5075,0.695,0.17848333333333333,4495.0,4265.333333333333
2011-09-19,4539,691,3848,0.5491666666666667,0.69,0.15174166666666666,4470.142857142857,4243.6
2011-09-20,3641,438,3203,0.5616666666666666,0.88125,0.13495416666666668,4309.857142857143,4235.866666666667
2011-09-21,4352,539,3813,0.5950000000000001,0.9,0.09640416666666667,4248.0,4222.333333333333
2011-09-22,4795,555,4240,0.6283333333333333,0.9020833333333332,0.12812500000000002,4410.285714285715,4185.666666666667
2011-09-23,2395,258,2137,0.6091666666666666,0.9725,0.07836666666666667,4072.4285714285716,4094.5
2011-09-24,5423,1776,3647,0.6066666666666667,0.8624999999999999,0.07838333333333333,4202.714285714285,4157.2
2011-09-25,5010,1544,3466,0.6341666666666667,0.8450000000000001,0.05037916666666667,4307.857142857143,4168.833333333333
2011-09-26,4630,684,3946,0.6491666666666667,0.8483333333333333,0.1107,4320.857142857143,4286.0
2011-09-27,4120,477,3643,0.6366666666666666,0.8854166666666666,0.11817083333333334,4389.285714285715,4278.866666666667
2011-09-28,3907,480,3427,0.635,0.84875,0.14862916666666667,4325.714285714285,4254.633333333333
2011-09-29,4839,653,4186,0.6166666666666667,0.6991666666666667,0.17288333333333336,4332.0,4242.466666666666
2011-09-30,5202,830,4372,0.5641666666666667,0.6475,0.206475,4733.0,4247.266666666666
2011-10-01,2429,480,1949,0.41,0.75375,0.29229583333333337,4305.285714285715,4157.733333333334
2011-10-02,2918,616,2302,0.3566666666666667,0.7916666666666666,0.22201249999999997,4006.4285714285716,4097.433333333333
2011-10-03,3570,330,3240,0.3841666666666667,0.7608333333333334,0.08334583333333334,3855.0,4066.9666666666667
2011-10-04,4456,486,3970,0.4841666666666667,0.71,0.20585416666666667,3903.0,4050.8333333333335
2011-10-05,4826,559,4267,0.5383333333333333,0.6479166666666667,0.17725000000000002,4034.285714285714,4100.0
2011-10-06,4765,639,4126,0.49416666666666664,0.6208333333333333,0.13495416666666668,4023.714285714286,4168.5
2011-10-07,4985,949,4036,0.5108333333333334,0.6841666666666667,0.022391666666666667,3992.714285714286,4268.133333333333
2011-10-08,5409,2235,3174,0.5216666666666666,0.7012499999999999,0.04540416666666667,4418.428571428572,4387.033333333334
2011-10-09,5511,2397,3114,0.5408333333333334,0.7275,0.06344999999999999,4788.857142857143,4452.6
2011-10-10,5117,1514,3603,0.5708333333333333,0.73375,0.04230416666666667,5009.857142857143,4445.0
2011-10-11,4563,667,3896,0.5666666666666667,0.80875,0.14304166666666665,5025.142857142857,4428.9
2011-10-12,2416,217,2199,0.5433333333333333,0.90625,0.24815,4680.857142857143,4352.333333333333
2011-10-13,2913,290,2623,0.5891666666666667,0.8966666666666666,0.14178749999999998,4416.285714285715,4290.666666666667
2011-10-14,3644,529,3115,0.5508333333333334,0.71625,0.22388333333333335,4224.714285714285,4252.633333333333
2011-10-15,5217,1899,3318,0.5066666666666667,0.48333333333333334,0.25808333333333333,4197.285714285715,4304.566666666667
2011-10-16,5041,1748,3293,0.5116666666666667,0.48666666666666664,0.28171666666666667,4130.142857142857,4313.933333333333
2011-10-17,4570,713,3857,0.5341666666666667,0.5795833333333333,0.17537916666666667,4052.0,4315.9
2011-10-18,4748,637,4111,0.5325000000000001,0.7016666666666667,0.1100875,4078.4285714285716,4331.7
2011-10-19,2424,254,2170,0.5417391304347826,0.8952173913043479,0.2433391304347826,4079.5714285714284,4261.2
2011-10-20,4195,471,3724,0.47583333333333333,0.63625,0.42227499999999996,4262.714285714285,4279.666666666667
2011-10-21,4304,676,3628,0.4275,0.5741666666666666,0.22139583333333335,4357.0,4278.066666666667
2011-10-22,4308,1499,2809,0.42250000000000004,0.6291666666666667,0.09266666666666666,4227.142857142857,4261.833333333333
2011-10-23,4381,1619,2762,0.4216666666666667,0.74125,0.0995125,4132.857142857143,4328.033333333334
2011-10-24,4187,699,3488,0.4633333333333334,0.7720833333333333,0.11879166666666667,4078.1428571428573,4286.833333333333
2011-10-25,4687,695,3992,0.4716666666666667,0.6229166666666667,0.16665833333333332,4069.4285714285716,4276.066666666667
2011-10-26,3894,404,3490,0.48416666666666663,0.7204166666666666,0.14864166666666667,4279.428571428572,4251.533333333334
2011-10-27,2659,240,2419,0.47,0.8129166666666666,0.19776249999999998,4060.0,4202.833333333333
2011-10-28,3747,456,3291,0.33083333333333337,0.5858333333333333,0.22947916666666668,3980.4285714285716,4197.5
2011-10-29,627,57,570,0.25416666666666665,0.8825,0.35137083333333335,3454.5714285714284,4057.1
2011-10-30,3331,885,2446,0.31916666666666665,0.62375,0.17661666666666667,3304.5714285714284,3994.733333333333
2011-10-31,3669,362,3307,0.34,0.7033333333333333,0.10635,3230.5714285714284,4036.0666666666666
2011-11-01,4068,410,3658,0.4008333333333333,0.68375,0.13557083333333333,3142.1428571428573,4074.4
2011-11-02,4186,370,3816,0.3775,0.71875,0.08209166666666667,3183.8571428571427,4094.9333333333334
2011-11-03,3974,318,3656,0.4083333333333334,0.7020833333333334,0.13681666666666667,3371.714285714286,4078.866666666667
2011-11-04,4046,470,3576,0.4033333333333333,0.6224999999999999,0.2717791666666667,3414.4285714285716,4052.866666666667
2011-11-05,3926,1156,2770,0.32666666666666666,0.5191666666666667,0.1890625,3885.714285714286,4024.9
2011-11-06,3649,952,2697,0.34833333333333333,0.7345833333333333,0.09205416666666666,3931.1428571428573,3980.366666666667
2011-11-07,4035,373,3662,0.395,0.75875,0.057225,3983.4285714285716,3934.5666666666666
2011-11-08,4205,376,3829,0.4083333333333334,0.7216666666666667,0.0690375,4003.0,3891.0333333333333
2011-11-09,4109,305,3804,0.39999999999999997,0.7583333333333333,0.06219583333333333,3992.0,3857.4333333333334
2011-11-10,2933,190,2743,0.37999999999999995,0.8133333333333334,0.1890666666666667,3843.285714285714,3803.1
2011-11-11,3368,440,2928,0.32416666666666666,0.44625000000000004,0.314675,3746.4285714285716,3834.8333333333335
2011-11-12,4067,1275,2792,0.3566666666666667,0.5529166666666666,0.21206250000000001,3766.5714285714284,3873.3
2011-11-13,3717,1004,2713,0.44083333333333335,0.4583333333333333,0.28172083333333336,3776.285714285714,3875.733333333333
2011-11-14,4486,595,3891,0.53,0.5870833333333333,0.30659583333333335,3840.714285714286,3851.366666666667
2011-11-15,4195,449,3746,0.53,0.6887500000000001,0.19963333333333333,3839.285714285714,3823.1666666666665
2011-11-16,1817,145,1672,0.4566666666666667,0.93,0.13682916666666667,3511.8571428571427,3731.4
2011-11-17,3053,139,2914,0.3416666666666666,0.5758333333333333,0.3053625,3529.0,3674.9
2011-11-18,3392,245,3147,0.27416666666666667,0.41,0.16853333333333334,3532.4285714285716,3707.1666666666665
2011-11-19,3663,943,2720,0.32916666666666666,0.5020833333333333,0.22449583333333334,3474.714285714286,3689.4333333333334
2011-11-20,3520,787,2733,0.4633333333333334,0.6845833333333333,0.18594999999999998,3446.5714285714284,3663.3
2011-11-21,2765,220,2545,0.4475,0.91,0.13805416666666667,3200.714285714286,3611.866666666667
2011-11-22,1607,69,1538,0.4166666666666667,0.9624999999999999,0.11879166666666667,2831.0,3519.4
2011-11-23,2566,112,2454,0.44083333333333335,0.7579166666666666,0.335825,2938.0,3465.366666666667
2011-11-24,1495,560,935,0.37333333333333335,0.5491666666666667,0.16730416666666667,2715.4285714285716,3358.9666666666667
2011-11-25,2792,1095,1697,0.375,0.64375,0.09889583333333334,2629.714285714286,3322.233333333333
2011-11-26,3068,1249,1819,0.3758333333333333,0.6816666666666666,0.06842083333333333,2544.714285714286,3335.866666666667
2011-11-27,3071,810,2261,0.45916666666666667,0.6983333333333334,0.20895416666666666,2480.5714285714284,3313.3333333333335
2011-11-28,3867,253,3614,0.5034782608695653,0.7430434782608696,0.14212173913043477,2638.0,3421.3333333333335
2011-11-29,2914,96,2818,0.4583333333333333,0.8308333333333334,0.25809166666666666,2824.714285714286,3407.4333333333334
2011-11-30,3613,188,3425,0.325,0.6133333333333334,0.27115833333333333,2974.285714285714,3405.5666666666666
2011-12-01,3727,182,3545,0.3125,0.5245833333333333,0.22015833333333334,3293.1428571428573,3394.2
2011-12-02,3940,268,3672,0.31416666666666665,0.6258333333333334,0.10075416666666666,3457.1428571428573,3386.0
2011-12-03,3614,706,2908,0.29916666666666664,0.6129166666666667,0.09578333333333333,3535.1428571428573,3374.0
2011-12-04,3485,634,2851,0.33083333333333337,0.7758333333333334,0.08395833333333334,3594.285714285714,3355.3
2011-12-05,3811,233,3578,0.3858333333333333,0.8270833333333334,0.06220833333333333,3586.285714285714,3351.4666666666667
2011-12-06,2594,126,2468,0.46249999999999997,0.9495833333333333,0.23258333333333334,3540.5714285714284,3316.3
2011-12-07,705,50,655,0.41,0.9704166666666666,0.266175,3125.1428571428573,3205.3
2011-12-08,3322,150,3172,0.2658333333333333,0.58,0.24005833333333335,3067.285714285714,3175.866666666667
2011-12-09,3620,261,3359,0.29083333333333333,0.6958333333333333,0.08271666666666667,3021.5714285714284,3159.5666666666666
2011-12-10,3190,502,2688,0.275,0.5075,0.23322083333333332,2961.0,3168.133333333333
2011-12-11,2743,377,2366,0.22083333333333333,0.49,0.06654166666666667,2855.0,3147.3
2011-12-12,3310,143,3167,0.2383333333333333,0.6708333333333334,0.06344999999999999,2783.4285714285716,3122.0666666666666
2011-12-13,3523,155,3368,0.28250000000000003,0.59,0.14055,2916.1428571428573,3115.6
2011-12-14,3740,178,3562,0.3175,0.66375,0.06095833333333334,3349.714285714286,3090.733333333333
2011-12-15,3709,181,3528,0.42250000000000004,0.6341666666666667,0.2680416666666667,3405.0,3074.5333333333333
2011-12-16,3577,178,3399,0.375,0.5004166666666666,0.260575,3398.8571428571427,3133.2
2011-12-17,2739,275,2464,0.25833333333333336,0.5608333333333334,0.24316666666666667,3334.4285714285716,3122.733333333333
2011-12-18,2431,220,2211,0.2383333333333333,0.58625,0.16977916666666668,3289.8571428571427,3090.7
2011-12-19,3403,260,3143,0.27666666666666667,0.6375000000000001,0.17289583333333333,3303.1428571428573,3082.0333333333333
2011-12-20,3750,216,3534,0.3858333333333333,0.5954166666666667,0.06157083333333333,3335.5714285714284,3089.7
2011-12-21,2660,107,2553,0.4283333333333333,0.8583333333333334,0.2214,3181.285714285714,3086.2
2011-12-22,3068,227,2841,0.42333333333333334,0.7575,0.047275000000000005,3089.714285714286,3134.9
2011-12-23,2209,163,2046,0.37333333333333335,0.6862499999999999,0.27424583333333336,2894.285714285714,3123.0
2011-12-24,1011,155,856,0.3025,0.5425,0.1903041666666667,2647.4285714285716,3106.866666666667
2011-12-25,754,303,451,0.2747826086956522,0.681304347826087,0.1550913043478261,2407.8571428571427,3038.9333333333334
2011-12-26,1317,430,887,0.32173913043478264,0.5069565217391304,0.23946521739130433,2109.8571428571427,2980.5666666666666
2011-12-27,1162,103,1059,0.325,0.7625000000000001,0.18845,1740.142857142857,2916.9333333333334
2011-12-28,2302,255,2047,0.2991304347826087,0.5039130434782608,0.2939608695652174,1689.0,2864.766666666667
2011-12-29,2423,254,2169,0.24833333333333332,0.5741666666666667,0.11941249999999999,1596.857142857143,2848.4
2011-12-30,2999,491,2508,0.3116666666666667,0.6366666666666666,0.1343375,1709.7142857142858,2827.9333333333334
2011-12-31,2485,665,1820,0.41,0.6158333333333333,0.22015416666666665,1920.2857142857142,2786.5333333333333
2012-01-01,2294,686,1608,0.37000000000000005,0.6925,0.19216666666666668,2140.285714285714,2731.6666666666665
2012-01-02,1951,244,1707,0.27304347826086955,0.38130434782608696,0.32966521739130433,2230.8571428571427,2676.233333333333
2012-01-03,2236,89,2147,0.15,0.44125,0.36567083333333333,2384.285714285714,2634.6
2012-01-04,2368,95,2273,0.1075,0.4145833333333333,0.1847,2393.714285714286,2586.5
2012-01-05,3272,140,3132,0.2658333333333333,0.5241666666666667,0.1299875,2515.0,2609.1
2012-01-06,4098,307,3791,0.33416666666666667,0.5420833333333334,0.16790833333333333,2672.0,2722.2
2012-01-07,4521,1070,3451,0.3933333333333333,0.5316666666666666,0.17475833333333335,2962.8571428571427,2762.1666666666665
2012-01-08,3425,599,2826,0.33749999999999997,0.465,0.19154166666666664,3124.4285714285716,2755.6666666666665
2012-01-09,2376,106,2270,0.22416666666666665,0.7016666666666667,0.0989,3185.1428571428573,2728.5333333333333
2012-01-10,3598,173,3425,0.30869565217391304,0.6465217391304349,0.18755217391304346,3379.714285714286,2757.0333333333333
2012-01-11,2177,92,2085,0.27416666666666667,0.8475,0.13122083333333334,3352.4285714285716,2719.266666666667
2012-01-12,4097,269,3828,0.3825,0.8029166666666666,0.1809666666666667,3470.285714285714,2738.4
2012-01-13,3214,174,3040,0.27416666666666667,0.5075,0.3781083333333333,3344.0,2720.866666666667
2012-01-14,2493,333,2160,0.18000000000000002,0.4575,0.18718333333333334,3054.285714285714,2680.3333333333335
2012-01-15,2311,284,2027,0.16666666666666666,0.4191666666666667,0.2512583333333333,2895.1428571428573,2638.133333333333
2012-01-16,2298,217,2081,0.19000000000000003,0.5225,0.23135833333333333,2884.0,2623.4333333333334
2012-01-17,2935,127,2808,0.3730434782608696,0.716086956521739,0.3491304347826087,2789.285714285714,2640.233333333333
2012-01-18,3376,109,3267,0.30333333333333334,0.44333333333333336,0.4154291666666667,2960.5714285714284,2639.3333333333335
2012-01-19,3292,130,3162,0.19000000000000003,0.4975,0.22015833333333334,2845.5714285714284,2624.0666666666666
2012-01-20,3163,115,3048,0.2175,0.45,0.20274999999999999,2838.285714285714,2640.8333333333335
2012-01-21,1301,67,1234,0.17333333333333334,0.8312499999999999,0.22264166666666665,2668.0,2581.9333333333334
2012-01-22,1977,196,1781,0.1625,0.79625,0.1996375,2620.285714285714,2574.2
2012-01-23,2432,145,2287,0.21833333333333335,0.91125,0.11070833333333334,2639.4285714285716,2621.5666666666666
2012-01-24,4339,439,3900,0.3425,0.8358333333333333,0.12376666666666668,2840.0,2741.0666666666666
2012-01-25,4270,467,3803,0.2941666666666667,0.6437499999999999,0.16107083333333333,2967.714285714286,2839.5
2012-01-26,4075,244,3831,0.34166666666666673,0.7695833333333333,0.07339583333333334,3079.5714285714284,2936.6
2012-01-27,3456,269,3187,0.425,0.74125,0.3426666666666667,3121.4285714285716,2975.0666666666666
2012-01-28,4023,775,3248,0.31583333333333335,0.5433333333333333,0.21082916666666665,3510.285714285714,3028.4
2012-01-29,3243,558,2685,0.28250000000000003,0.31125,0.24004999999999999,3691.1428571428573,3036.5333333333333
2012-01-30,3624,126,3498,0.26916666666666667,0.4008333333333333,0.2157916666666667,3861.4285714285716,3074.5
2012-01-31,4509,324,4185,0.38999999999999996,0.4166666666666667,0.26181666666666664,3885.714285714286,3148.3333333333335
2012-02-01,4579,304,4275,0.4691666666666667,0.5079166666666667,0.1890666666666667,3929.8571428571427,3235.9333333333334
2012-02-02,3761,190,3571,0.39916666666666667,0.6729166666666666,0.18718749999999998,3885.0,3286.766666666667
2012-02-03,4151,310,3841,0.31333333333333335,0.5266666666666667,0.17849583333333333,3984.285714285714,3346.2
2012-02-04,2832,384,2448,0.26416666666666666,0.7795833333333334,0.12189583333333333,3814.1428571428573,3331.5333333333333
2012-02-05,2947,318,2629,0.2658333333333333,0.6879166666666667,0.17599583333333335,3771.8571428571427,3293.1666666666665
2012-02-06,3784,206,3578,0.2826086956521739,0.6221739130434782,0.1538,3794.714285714286,3268.6
2012-02-07,4375,199,4176,0.3541666666666667,0.49625,0.14737916666666667,3775.5714285714284,3300.266666666667
2012-02-08,2802,109,2693,0.25666666666666665,0.7229166666666668,0.13372083333333332,3521.714285714286,3314.4666666666667
2012-02-09,3830,163,3667,0.265,0.5620833333333334,0.1940375,3531.5714285714284,3322.2
2012-02-10,3831,227,3604,0.2808333333333333,0.54,0.11692916666666668,3485.8571428571427,3377.3333333333335
2012-02-11,2169,192,1977,0.22416666666666665,0.7312500000000001,0.2897958333333333,3391.1428571428573,3313.0666666666666
2012-02-12,1529,73,1456,0.1275,0.46458333333333335,0.4092125,3188.5714285714284,3256.9
2012-02-13,3422,94,3328,0.2225,0.41125000000000006,0.16728333333333334,3136.8571428571427,3287.866666666667
2012-02-14,3922,135,3787,0.31916666666666665,0.50875,0.14117916666666666,3072.1428571428573,3341.5666666666666
2012-02-15,4169,141,4028,0.34833333333333333,0.53125,0.1816,3267.4285714285716,3403.9333333333334
2012-02-16,3005,74,2931,0.31666666666666665,0.7529166666666667,0.09142499999999999,3149.5714285714284,3406.266666666667
2012-02-17,4154,349,3805,0.3433333333333333,0.6345833333333334,0.2058458333333333,3195.714285714286,3432.2
2012-02-18,4318,1435,2883,0.3466666666666667,0.5345833333333333,0.19092916666666668,3502.714285714286,3466.4
2012-02-19,2689,618,2071,0.27999999999999997,0.5158333333333334,0.2531125,3668.4285714285716,3450.6
2012-02-20,3129,502,2627,0.28,0.5078260869565218,0.2290826086956522,3626.5714285714284,3511.5333333333333
2012-02-21,3777,163,3614,0.28782608695652173,0.5943478260869565,0.2057173913043478,3605.8571428571427,3571.5333333333333
2012-02-22,4773,394,4379,0.3958333333333333,0.5679166666666666,0.23447083333333332,3692.1428571428573,3649.5666666666666
2012-02-23,5062,516,4546,0.45416666666666666,0.5545833333333333,0.1909125,3986.0,3673.6666666666665
2012-02-24,3487,246,3241,0.4075,0.7374999999999999,0.23756666666666668,3890.714285714286,3647.5666666666666
2012-02-25,2732,317,2415,0.29083333333333333,0.3958333333333333,0.4216416666666667,3664.1428571428573,3602.8
2012-02-26,3389,515,2874,0.2791666666666667,0.41,0.20522916666666668,3764.1428571428573,3600.5666666666666
2012-02-27,4322,253,4069,0.3666666666666667,0.4908333333333333,0.26803333333333335,3934.5714285714284,3610.5333333333333
2012-02-28,4363,229,4134,0.3591666666666667,0.3958333333333333,0.19341666666666668,4018.285714285714,3647.866666666667
2012-02-29,1834,65,1769,0.3443478260869565,0.8047826086956522,0.1791173913043478,3598.4285714285716,3588.2
2012-03-01,4990,325,4665,0.48583333333333334,0.6154166666666666,0.2269875,3588.1428571428573,3604.233333333333
2012-03-02,3194,246,2948,0.35333333333333333,0.6570833333333334,0.14490416666666667,3546.285714285714,3558.0666666666666
2012-03-03,4066,956,3110,0.4141666666666666,0.62125,0.16107916666666666,3736.8571428571427,3568.233333333333
2012-03-04,3423,710,2713,0.32583333333333336,0.4033333333333333,0.3345708333333333,3741.714285714286,3543.9666666666667
2012-03-05,3333,203,3130,0.24333333333333332,0.50625,0.2288583333333333,3600.4285714285716,3560.6666666666665
2012-03-06,3956,221,3735,0.25833333333333336,0.4566666666666667,0.200875,3542.285714285714,3594.3
2012-03-07,4916,432,4484,0.40416666666666673,0.5133333333333333,0.3457791666666667,3982.5714285714284,3632.0333333333333
2012-03-08,5382,486,4896,0.5275,0.5675,0.4415625,4038.5714285714284,3665.6
2012-03-09,4569,447,4122,0.41083333333333333,0.4070833333333333,0.4148,4235.0,3724.5
2012-03-10,4118,968,3150,0.28750000000000003,0.35041666666666665,0.22575,4242.428571428572,3734.1
2012-03-11,4911,1658,3253,0.3617391304347826,0.4769565217391304,0.22258695652173915,4455.0,3770.1
2012-03-12,5298,838,4460,0.46666666666666673,0.4891666666666667,0.2077125,4735.714285714285,3874.4
2012-03-13,5847,762,5085,0.5650000000000001,0.6175,0.23695,5005.857142857143,4018.3333333333335
2012-03-14,6312,997,5315,0.5725,0.5070833333333333,0.1150625,5205.285714285715,4114.666666666667
2012-03-15,6192,1005,5187,0.5575,0.5795833333333333,0.14988333333333334,5321.0,4190.333333333333
2012-03-16,4378,548,3830,0.43583333333333335,0.8420833333333334,0.11319166666666668,5293.714285714285,4197.3
2012-03-17,7836,3155,4681,0.5141666666666667,0.7558333333333334,0.11070416666666667,5824.857142857143,4358.333333333333
2012-03-18,5892,2207,3685,0.4725,0.81,0.12688333333333332,5965.0,4416.266666666666
2012-03-19,6153,982,5171,0.545,0.7287499999999999,0.16231666666666666,6087.142857142857,4477.433333333333
2012-03-20,6093,1051,5042,0.5608333333333334,0.8079166666666667,0.12127083333333333,6122.285714285715,4590.9
2012-03-21,6230,1122,5108,0.5316666666666666,0.82125,0.08955833333333334,6110.571428571428,4694.266666666666
2012-03-22,6871,1334,5537,0.5541666666666667,0.8312499999999999,0.1175625,6207.571428571428,4797.4
2012-03-23,8362,2469,5893,0.6016666666666667,0.6941666666666667,0.1163,6776.714285714285,4917.033333333334
2012-03-24,3372,1033,2339,0.5025000000000001,0.8854166666666666,0.19278333333333333,6139.0,4860.7
2012-03-25,4996,1532,3464,0.4375,0.8808333333333334,0.22077500000000003,6011.0,4911.0
2012-03-26,5558,795,4763,0.4458333333333333,0.4779166666666666,0.38682083333333334,5926.0,5005.2
2012-03-27,5102,531,4571,0.3233333333333333,0.29,0.18719166666666667,5784.428571428572,5062.3
2012-03-28,5698,674,5024,0.4841666666666667,0.48125,0.2916708333333333,5708.428571428572,5108.166666666667
2012-03-29,6133,834,5299,0.49416666666666664,0.43916666666666665,0.31965,5603.0,5167.166666666667
2012-03-30,5459,796,4663,0.37000000000000005,0.5808333333333333,0.13806666666666667,5188.285714285715,5288.0
2012-03-31,6235,2301,3934,0.42416666666666664,0.7383333333333333,0.25061666666666665,5597.285714285715,5329.5
2012-04-01,6041,2347,3694,0.42583333333333334,0.67625,0.17226666666666668,5746.571428571428,5424.4
2012-04-02,5936,1208,4728,0.4339130434782609,0.5043478260869565,0.3121391304347826,5800.571428571428,5486.733333333334
2012-04-03,6772,1348,5424,0.4666666666666666,0.39666666666666667,0.10013333333333334,6039.142857142857,5598.366666666667
2012-04-04,6436,1058,5378,0.5416666666666666,0.4695833333333333,0.180975,6144.571428571428,5701.8
2012-04-05,6457,1192,5265,0.435,0.3741666666666667,0.21952916666666666,6190.857142857143,5785.166666666667
2012-04-06,6460,1807,4653,0.4033333333333333,0.3770833333333334,0.3003875,6333.857142857143,5836.633333333333
2012-04-07,6857,3252,3605,0.4375,0.2541666666666667,0.27487083333333334,6422.714285714285,5885.8
2012-04-08,5169,2230,2939,0.5,0.2758333333333333,0.23259583333333333,6298.142857142857,5905.8
2012-04-09,5585,905,4680,0.4891666666666667,0.3175,0.3581958333333333,6248.0,5954.7
2012-04-10,5918,819,5099,0.4466666666666667,0.435,0.249375,6126.0,5988.266666666666
2012-04-11,4862,482,4380,0.348695652173913,0.46956521739130436,0.2952739130434782,5901.142857142857,5973.733333333334
2012-04-12,5409,663,4746,0.39749999999999996,0.46625,0.2904291666666667,5751.428571428572,5959.133333333333
2012-04-13,6398,1252,5146,0.44250000000000006,0.4083333333333334,0.15547083333333334,5742.571428571428,5962.0
2012-04-14,7460,2795,4665,0.49500000000000005,0.5029166666666667,0.19091666666666665,5828.714285714285,6004.266666666666
2012-04-15,7132,2846,4286,0.6066666666666667,0.5079166666666667,0.22512916666666669,6109.142857142857,6096.066666666667
2012-04-16,6370,1198,5172,0.6641666666666667,0.5616666666666666,0.28482916666666663,6221.285714285715,6047.2
2012-04-17,6691,989,5702,0.6083333333333333,0.39041666666666663,0.27362916666666665,6331.714285714285,6073.833333333333
2012-04-18,4367,347,4020,0.4633333333333333,0.5691666666666667,0.1679125,6261.0,6014.3
2012-04-19,6565,846,5719,0.49833333333333335,0.6124999999999999,0.06592916666666666,6426.142857142857,6030.033333333334
2012-04-20,7290,1340,5950,0.5266666666666667,0.6945833333333334,0.14987083333333334,6553.571428571428,6065.366666666667
2012-04-21,6624,2541,4083,0.57,0.6829166666666667,0.2835875,6434.142857142857,6057.133333333333
2012-04-22,1027,120,907,0.39666666666666667,0.8354166666666667,0.34454583333333333,5562.0,5812.633333333333
2012-04-23,3214,195,3019,0.32166666666666666,0.7666666666666666,0.30349583333333335,5111.142857142857,5807.366666666667
2012-04-24,5633,518,5115,0.41333333333333333,0.45416666666666666,0.24938333333333332,4960.0,5828.6
2012-04-25,6196,655,5541,0.4766666666666666,0.42791666666666667,0.11879166666666667,5221.285714285715,5849.866666666667
2012-04-26,5026,475,4551,0.49833333333333335,0.7566666666666667,0.176625,5001.428571428572,5847.333333333333
2012-04-27,6233,1014,5219,0.4575,0.4008333333333333,0.3476333333333333,4850.428571428572,5865.166666666667
2012-04-28,4220,1120,3100,0.3766666666666667,0.4895833333333333,0.129975,4507.0,5801.4
2012-04-29,6304,2229,4075,0.4583333333333333,0.5870833333333333,0.11690833333333334,5260.857142857143,5829.566666666667
2012-04-30,5572,665,4907,0.46416666666666667,0.57,0.1716375,5597.714285714285,5807.466666666666
2012-05-01,5740,653,5087,0.6133333333333334,0.6595833333333333,0.15609583333333332,5613.0,5797.433333333333
2012-05-02,6169,667,5502,0.5641666666666667,0.7970833333333333,0.1380583333333333,5609.142857142857,5805.2
2012-05-03,6421,764,5657,0.5599999999999999,0.7683333333333334,0.13369583333333332,5808.428571428572,5793.5
2012-05-04,6296,1069,5227,0.6275000000000001,0.7354166666666666,0.1629375,5817.428571428572,5788.833333333333
2012-05-05,6883,2496,4387,0.6216666666666667,0.7566666666666667,0.15299166666666666,6197.857142857143,5803.033333333334
2012-05-06,6359,2135,4224,0.5625,0.7399999999999999,0.14987916666666667,6205.714285714285,5799.666666666667
2012-05-07,6273,1008,5265,0.5375,0.6641666666666667,0.23072083333333335,6305.857142857143,5780.2
2012-05-08,5728,738,4990,0.5816666666666667,0.6858333333333334,0.2960291666666667,6304.142857142857,5798.833333333333
2012-05-09,4717,620,4097,0.5750000000000001,0.7441666666666666,0.2164125,6096.714285714285,5769.9
2012-05-10,6572,1026,5546,0.5058333333333334,0.5520833333333334,0.31406249999999997,6118.285714285715,5791.7
2012-05-11,7030,1319,5711,0.5333333333333333,0.36041666666666666,0.2369375,6223.142857142857,5863.966666666666
2012-05-12,7429,2622,4807,0.5641666666666667,0.48041666666666666,0.12313333333333333,6301.142857142857,5931.3
2012-05-13,6118,2172,3946,0.6125,0.57625,0.22511666666666666,6266.714285714285,5921.966666666666
2012-05-14,2843,342,2501,0.5733333333333334,0.7895833333333333,0.21269166666666664,5776.714285714285,5768.066666666667
2012-05-15,5115,625,4490,0.6116666666666667,0.7945833333333333,0.14739166666666667,5689.142857142857,5700.833333333333
2012-05-16,7424,991,6433,0.6366666666666666,0.6979166666666666,0.12251250000000001,6075.857142857143,5735.966666666666
2012-05-17,7384,1242,6142,0.5933333333333334,0.52,0.229475,6191.857142857143,5759.066666666667
2012-05-18,7639,1521,6118,0.5641666666666667,0.5233333333333333,0.13681666666666667,6278.857142857143,5868.133333333333
2012-05-19,8294,3410,4884,0.6,0.45625,0.08397500000000001,6402.428571428572,5925.766666666666
2012-05-20,7129,2704,4425,0.6208333333333333,0.5304166666666666,0.2543666666666667,6546.857142857143,5920.4
2012-05-21,4359,630,3729,0.5983333333333333,0.8112499999999999,0.23320416666666666,6763.428571428572,5844.9
2012-05-22,6073,819,5254,0.615,0.7658333333333333,0.11816666666666666,6900.285714285715,6013.1
2012-05-23,5260,766,4494,0.6216666666666667,0.7745833333333333,0.102,6591.142857142857,6081.3
2012-05-24,6770,1059,5711,0.6549999999999999,0.7166666666666667,0.17289583333333333,6503.428571428572,6119.2
2012-05-25,6734,1417,5317,0.68,0.7470833333333333,0.14054999999999998,6374.142857142857,6137.133333333333
2012-05-26,6536,2855,3681,0.6925,0.7325,0.19899166666666668,6123.0,6187.466666666666
2012-05-27,6591,3283,3308,0.69,0.6970833333333334,0.21517083333333334,6046.142857142857,6199.4
2012-05-28,6043,2557,3486,0.7125,0.67625,0.19652083333333334,6286.714285714285,6260.166666666667
2012-05-29,5743,880,4863,0.7225,0.6845833333333333,0.2954,6239.571428571428,6241.466666666666
2012-05-30,6855,745,6110,0.6566666666666666,0.6699999999999999,0.13432916666666667,6467.428571428572,6284.233333333334
2012-05-31,7338,1100,6238,0.68,0.49291666666666667,0.19527916666666667,6548.571428571428,6337.5
2012-06-01,4127,533,3594,0.6541666666666667,0.7554166666666666,0.2375625,6176.142857142857,6269.433333333333
2012-06-02,8120,2795,5325,0.5833333333333334,0.5491666666666667,0.1865625,6402.428571428572,6326.066666666667
2012-06-03,7641,2494,5147,0.6025,0.49333333333333335,0.1840875,6552.428571428572,6370.9
2012-06-04,6998,1071,5927,0.5975,0.4870833333333333,0.2848333333333333,6688.857142857143,6374.733333333334
2012-06-05,7001,968,6033,0.5408333333333334,0.6133333333333334,0.20957499999999998,6868.571428571428,6396.133333333333
2012-06-06,7055,1027,6028,0.5541666666666667,0.61125,0.077125,6897.142857142857,6422.2
2012-06-07,7494,1038,6456,0.6024999999999999,0.5670833333333333,0.15735000000000002,6919.428571428572,6481.066666666667
2012-06-08,7736,1488,6248,0.6491666666666667,0.4679166666666667,0.17538333333333334,7435.0,6581.7
2012-06-09,7498,2708,4790,0.7108333333333333,0.4370833333333333,0.14428749999999999,7346.142857142857,6612.566666666667
2012-06-10,6598,2224,4374,0.7266666666666667,0.5383333333333333,0.13372083333333332,7197.142857142857,6598.166666666667
2012-06-11,6664,1017,5647,0.7208333333333333,0.5879166666666666,0.2077125,7149.428571428572,6572.666666666667
2012-06-12,4972,477,4495,0.6533333333333333,0.8333333333333334,0.21454583333333332,6859.571428571428,6534.466666666666
2012-06-13,7421,1173,6248,0.6558333333333334,0.5820833333333333,0.34327916666666664,6911.857142857143,6687.066666666667
2012-06-14,7363,1180,6183,0.6483333333333333,0.5695833333333333,0.2537333333333333,6893.142857142857,6762.0
2012-06-15,7665,1563,6102,0.6391666666666667,0.5895833333333333,0.17661666666666667,6883.0,6770.033333333334
2012-06-16,7702,2963,4739,0.6316666666666667,0.5041666666666667,0.16666666666666666,6912.142857142857,6780.633333333333
2012-06-17,6978,2634,4344,0.5925,0.59875,0.14490416666666667,6966.428571428572,6758.6
2012-06-18,5099,653,4446,0.5683333333333334,0.7779166666666666,0.17474583333333335,6742.857142857143,6652.1
2012-06-19,6825,968,5857,0.6883333333333334,0.69,0.14801666666666666,7007.571428571428,6641.966666666666
2012-06-20,6211,872,5339,0.7825000000000001,0.5920833333333334,0.1138125,6834.714285714285,6703.7
2012-06-21,5905,778,5127,0.8058333333333333,0.5679166666666666,0.1187875,6626.428571428572,6698.1
2012-06-22,5823,964,4859,0.7775,0.57375,0.18284166666666668,6363.285714285715,6716.866666666667
2012-06-23,7458,2657,4801,0.7316666666666666,0.5345833333333333,0.17972083333333333,6328.428571428572,6739.8
2012-06-24,6891,2551,4340,0.7433333333333333,0.4791666666666667,0.145525,6316.0,6745.033333333334
2012-06-25,6779,1139,5640,0.7158333333333333,0.5041666666666667,0.30038333333333334,6556.0,6753.133333333333
2012-06-26,7442,1077,6365,0.6308333333333334,0.37333333333333335,0.3476416666666667,6644.142857142857,6781.5
2012-06-27,7335,1077,6258,0.6974999999999999,0.36000000000000004,0.27177500000000004,6804.714285714285,6824.566666666667
2012-06-28,6879,921,5958,0.7491666666666666,0.42250000000000004,0.17165,6943.857142857143,6862.433333333333
2012-06-29,5463,829,4634,0.8341666666666666,0.48875,0.16541666666666668,6892.428571428572,6816.033333333334
2012-06-30,5687,1455,4232,0.765,0.60125,0.16107083333333333,6639.428571428572,6761.0
2012-07-01,5531,1421,4110,0.8158333333333333,0.5187499999999999,0.16852916666666665,6445.142857142857,6807.8
2012-07-02,6227,904,5323,0.7816666666666666,0.44708333333333333,0.19526666666666667,6366.285714285715,6744.7
2012-07-03,6660,1052,5608,0.7808333333333333,0.4920833333333334,0.1262375,6254.571428571428,6712.0
2012-07-04,7403,2562,4841,0.7891666666666667,0.53875,0.13495,6264.285714285715,6725.5
2012-07-05,6241,1405,4836,0.8275,0.4579166666666667,0.19402916666666667,6173.142857142857,6700.166666666667
2012-07-06,6207,1366,4841,0.8283333333333333,0.45083333333333336,0.14614166666666667,6279.428571428572,6671.9
2012-07-07,4840,1448,3392,0.8616666666666667,0.4920833333333334,0.16355416666666667,6158.428571428572,6583.433333333333
2012-07-08,4672,1203,3469,0.8225000000000001,0.57375,0.12562916666666665,6035.714285714285,6481.3
2012-07-09,6569,998,5571,0.7108333333333333,0.6833333333333332,0.180975,6084.571428571428,6450.333333333333
2012-07-10,6290,954,5336,0.7208333333333333,0.6675,0.1517375,6031.714285714285,6440.066666666667
2012-07-11,7264,975,6289,0.7166666666666667,0.6333333333333333,0.15173333333333333,6011.857142857143,6460.066666666667
2012-07-12,7446,1032,6414,0.7158333333333333,0.5295833333333333,0.14677500000000002,6184.0,6542.533333333334
2012-07-13,7499,1511,5988,0.7316666666666666,0.48583333333333334,0.08084999999999999,6368.571428571428,6545.133333333333
2012-07-14,6969,2355,4614,0.7033333333333333,0.6991666666666667,0.14367916666666666,6672.714285714285,6532.0
2012-07-15,6031,1920,4111,0.7458333333333332,0.7179166666666666,0.16666666666666666,6866.857142857143,6477.533333333334
2012-07-16,6830,1088,5742,0.7633333333333333,0.645,0.1641875,6904.142857142857,6448.466666666666
2012-07-17,6786,921,5865,0.8183333333333334,0.5058333333333334,0.11442916666666668,6975.0,6442.066666666667
2012-07-18,5713,799,4914,0.7933333333333333,0.5770833333333333,0.13744166666666666,6753.428571428572,6462.533333333334
2012-07-19,6591,888,5703,0.77,0.6004166666666667,0.16542916666666665,6631.285714285715,6454.733333333334
2012-07-20,5870,747,5123,0.6658333333333334,0.8441666666666666,0.20896666666666666,6398.571428571428,6443.366666666667
2012-07-21,4459,1264,3195,0.5958333333333333,0.8654166666666666,0.21330000000000002,6040.0,6395.166666666667
2012-07-22,7410,2544,4866,0.6675,0.7625000000000001,0.09392083333333334,6237.0,6448.066666666667
2012-07-23,6966,1135,5831,0.7416666666666667,0.6941666666666667,0.13868333333333335,6256.428571428572,6431.666666666667
2012-07-24,7592,1140,6452,0.7508333333333334,0.655,0.2114541666666667,6371.571428571428,6455.033333333334
2012-07-25,8173,1383,6790,0.7241666666666666,0.45,0.1648,6723.0,6501.5
2012-07-26,6861,1036,5825,0.7766666666666667,0.5966666666666667,0.28481249999999997,6761.571428571428,6482.133333333333
2012-07-27,6904,1259,5645,0.7816666666666666,0.5945833333333334,0.15299166666666666,6909.285714285715,6467.766666666666
2012-07-28,6685,2234,4451,0.7558333333333334,0.6133333333333333,0.15735000000000002,7227.285714285715,6461.3
2012-07-29,6597,2153,4444,0.7216666666666667,0.62375,0.17039583333333333,7111.142857142857,6499.1
2012-07-30,7105,1040,6065,0.7308333333333333,0.6687500000000001,0.15361666666666665,7131.0,6546.366666666667
2012-07-31,7216,968,6248,0.7133333333333334,0.7041666666666666,0.16542500000000002,7077.285714285715,6602.533333333334
2012-08-01,7580,1074,6506,0.7174999999999999,0.6775000000000001,0.14117916666666666,6992.571428571428,6647.633333333333
2012-08-02,7261,983,6278,0.7525,0.6595833333333333,0.12935416666666666,7049.714285714285,6667.666666666667
2012-08-03,7175,1328,5847,0.7658333333333333,0.6425,0.2157916666666667,7088.428571428572,6660.066666666667
2012-08-04,6824,2345,4479,0.7933333333333333,0.6133333333333334,0.25745833333333334,7108.285714285715,6679.5
2012-08-05,5464,1707,3757,0.7691666666666667,0.6525,0.2904208333333333,6946.428571428572,6654.733333333334
2012-08-06,7013,1233,5780,0.7525,0.6541666666666667,0.12935416666666666,6933.285714285715,6727.166666666667
2012-08-07,7273,1278,5995,0.7358333333333333,0.70375,0.11690833333333334,6941.428571428572,6813.866666666667
2012-08-08,7534,1263,6271,0.75,0.6729166666666666,0.1107,6934.857142857143,6846.033333333334
2012-08-09,7286,1196,6090,0.7558333333333334,0.6204166666666667,0.1561,6938.428571428572,6879.233333333334
2012-08-10,5786,1065,4721,0.7158333333333333,0.7158333333333333,0.2388125,6740.0,6829.966666666666
2012-08-11,6299,2247,4052,0.6925,0.7329166666666667,0.20647916666666666,6665.0,6791.733333333334
2012-08-12,6544,2182,4362,0.7008333333333333,0.5304166666666666,0.12251250000000001,6819.285714285715,6759.9
2012-08-13,6883,1207,5676,0.7208333333333333,0.5454166666666667,0.1362125,6800.714285714285,6757.033333333334
2012-08-14,6784,1128,5656,0.7266666666666667,0.6866666666666666,0.16915833333333333,6730.857142857143,6782.133333333333
2012-08-15,7347,1198,6149,0.7066666666666667,0.6195833333333333,0.16977083333333334,6704.142857142857,6799.366666666667
2012-08-16,7605,1338,6267,0.7191666666666667,0.5191666666666667,0.14179583333333332,6749.714285714285,6826.666666666667
2012-08-17,7148,1483,5665,0.7233333333333333,0.5708333333333333,0.23135416666666667,6944.285714285715,6874.5
2012-08-18,7865,2827,5038,0.6783333333333333,0.6033333333333334,0.17786666666666665,7168.0,6916.966666666666
2012-08-19,4549,1208,3341,0.6358333333333334,0.7116666666666666,0.08645000000000001,6883.0,6872.933333333333
2012-08-20,6530,1026,5504,0.6358333333333334,0.7341666666666667,0.12997916666666667,6832.571428571428,6941.966666666666
2012-08-21,7006,1081,5925,0.6491666666666667,0.67375,0.07277083333333334,6864.285714285715,6928.5
2012-08-22,7375,1094,6281,0.6675,0.6770833333333334,0.07028333333333332,6868.285714285715,6942.133333333333
2012-08-23,7765,1363,6402,0.6958333333333333,0.6358333333333334,0.08459583333333333,6891.142857142857,6947.9
2012-08-24,7582,1325,6257,0.7025,0.615,0.07214583333333334,6953.142857142857,6928.2
2012-08-25,6053,1829,4224,0.6616666666666667,0.7129166666666666,0.24440833333333334,6694.285714285715,6901.266666666666
2012-08-26,5255,1483,3772,0.6533333333333333,0.8458333333333333,0.22885833333333336,6795.142857142857,6846.3
2012-08-27,6917,989,5928,0.7033333333333333,0.7304166666666667,0.12873333333333334,6850.428571428572,6854.033333333334
2012-08-28,7040,935,6105,0.7283333333333334,0.62,0.190925,6855.285714285715,6868.8
2012-08-29,7697,1177,6520,0.685,0.5520833333333334,0.11256250000000001,6901.285714285715,6888.533333333334
2012-08-30,7713,1172,6541,0.7066666666666667,0.5904166666666667,0.07711666666666667,6893.857142857143,6905.1
2012-08-31,7350,1433,5917,0.7641666666666667,0.5875,0.16853333333333334,6860.714285714285,6897.433333333333
2012-09-01,6140,2352,3788,0.7533333333333333,0.6383333333333333,0.1131875,6873.142857142857,6860.066666666667
2012-09-02,5810,2613,3197,0.6966666666666667,0.815,0.06407083333333334,6952.428571428572,6814.566666666667
2012-09-03,6034,1965,4069,0.7075,0.7908333333333334,0.15112083333333334,6826.285714285715,6788.233333333334
2012-09-04,6864,867,5997,0.7258333333333334,0.755,0.2363208333333333,6801.142857142857,6834.9
2012-09-05,7112,832,6280,0.7366666666666667,0.74125,0.18780833333333333,6717.571428571428,6838.2
2012-09-06,6203,611,5592,0.6966666666666667,0.8104166666666667,0.14242083333333333,6501.857142857143,6802.533333333334
2012-09-07,7504,1045,6459,0.7033333333333333,0.7362500000000001,0.17164583333333336,6523.857142857143,6801.533333333334
2012-09-08,5976,1557,4419,0.6591666666666667,0.7991666666666667,0.28110416666666665,6500.428571428572,6757.866666666667
2012-09-09,8227,2570,5657,0.61,0.5475,0.22449583333333334,6845.714285714285,6839.233333333334
2012-09-10,7525,1118,6407,0.5833333333333334,0.50375,0.2587125,7058.714285714285,6880.1
2012-09-11,7767,1070,6697,0.5775,0.52,0.09205416666666666,7187.714285714285,6920.866666666667
2012-09-12,7870,1050,6820,0.5991666666666667,0.5770833333333333,0.13184583333333333,7296.0,6953.766666666666
2012-09-13,7804,1054,6750,0.6124999999999999,0.6370833333333333,0.08272083333333334,7524.714285714285,6987.766666666666
2012-09-14,8009,1379,6630,0.6333333333333334,0.6725,0.10386250000000001,7596.857142857143,7009.833333333333
2012-09-15,8714,3160,5554,0.6083333333333333,0.5016666666666666,0.24752083333333333,7988.0,7046.8
2012-09-16,7333,2166,5167,0.58,0.57,0.09018333333333334,7860.285714285715,7052.966666666666
2012-09-17,6869,1022,5847,0.5808333333333333,0.7345833333333333,0.15174166666666666,7766.571428571428,7019.766666666666
2012-09-18,4073,371,3702,0.6233333333333334,0.8725,0.3575875,7238.857142857143,7003.9
2012-09-19,7591,788,6803,0.5525,0.5366666666666667,0.215175,7199.0,7039.266666666666
2012-09-20,7720,939,6781,0.5466666666666667,0.6183333333333333,0.11816666666666666,7187.0,7063.066666666667
2012-09-21,8167,1250,6917,0.5991666666666667,0.6687500000000001,0.15422916666666667,7209.571428571428,7089.466666666666
2012-09-22,8395,2512,5883,0.65,0.6466666666666666,0.28358333333333335,7164.0,7110.466666666666
2012-09-23,7907,2454,5453,0.5291666666666667,0.46708333333333335,0.22325833333333334,7246.0,7121.3
2012-09-24,7436,1001,6435,0.5141666666666667,0.49291666666666667,0.14240416666666667,7327.0,7167.4
2012-09-25,7538,845,6693,0.5499999999999999,0.57,0.23632083333333334,7822.0,7243.5
2012-09-26,7733,787,6946,0.635,0.6308333333333334,0.24439999999999998,7842.285714285715,7270.7
2012-09-27,7393,751,6642,0.65,0.6908333333333333,0.13434166666666666,7795.571428571428,7282.466666666666
2012-09-28,7415,1045,6370,0.6191666666666666,0.69,0.16417916666666665,7688.142857142857,7273.066666666667
2012-09-29,8555,2589,5966,0.5425,0.5429166666666667,0.2276041666666667,7711.0,7301.133333333333
2012-09-30,6889,2015,4874,0.5266666666666667,0.5833333333333334,0.13495833333333332,7565.571428571428,7285.766666666666
2012-10-01,6778,763,6015,0.5208333333333334,0.6491666666666667,0.09080416666666667,7471.571428571428,7307.033333333334
2012-10-02,4639,315,4324,0.5908333333333333,0.8716666666666666,0.104475,7057.428571428572,7268.0
2012-10-03,7572,728,6844,0.6575,0.7937500000000001,0.06654583333333333,7034.428571428572,7319.266666666666
2012-10-04,7328,891,6437,0.6575,0.7229166666666668,0.11754583333333334,7025.142857142857,7334.733333333334
2012-10-05,8156,1516,6640,0.615,0.6275000000000001,0.10635,7131.0,7369.533333333334
2012-10-06,7965,3031,4934,0.5541666666666667,0.6641666666666667,0.268025,7046.714285714285,7428.266666666666
2012-10-07,3510,781,2729,0.41583333333333333,0.7083333333333334,0.1411625,6564.0,7295.133333333333
2012-10-08,5478,874,4604,0.3833333333333333,0.7095833333333333,0.18967916666666665,6378.285714285715,7278.533333333334
2012-10-09,6392,601,5791,0.4466666666666667,0.7616666666666667,0.1903,6628.714285714285,7217.366666666667
2012-10-10,7691,780,6911,0.5141666666666667,0.6308333333333334,0.18782083333333333,6645.714285714285,7222.9
2012-10-11,7570,834,6736,0.435,0.4633333333333333,0.18159583333333332,6680.285714285715,7216.333333333333
2012-10-12,7282,1060,6222,0.4375,0.5391666666666667,0.23509166666666667,6555.428571428572,7196.733333333334
2012-10-13,7109,2252,4857,0.3933333333333333,0.4945833333333333,0.14614166666666667,6433.142857142857,7173.566666666667
2012-10-14,6639,2080,4559,0.5216666666666666,0.6404166666666666,0.2786125,6880.142857142857,7127.9
2012-10-15,5875,760,5115,0.5616666666666666,0.7075,0.2960375,6936.857142857143,7033.266666666666
2012-10-16,7534,922,6612,0.4683333333333333,0.5583333333333333,0.18222083333333336,7100.0,7039.966666666666
2012-10-17,7461,979,6482,0.4558333333333333,0.6929166666666666,0.10137083333333334,7067.142857142857,7059.7
2012-10-18,7509,1008,6501,0.5225000000000001,0.7283333333333334,0.2369375,7058.428571428572,7174.233333333334
2012-10-19,5424,753,4671,0.5633333333333334,0.815,0.13495416666666668,6793.0,7102.0
2012-10-20,8090,2806,5284,0.4841666666666667,0.5729166666666666,0.1175375,6933.142857142857,7114.333333333333
2012-10-21,6824,2132,4692,0.46416666666666667,0.51,0.16605416666666667,6959.571428571428,7069.566666666667
2012-10-22,7058,830,6228,0.4875,0.5683333333333334,0.08148333333333334,7128.571428571428,7025.0
2012-10-23,7466,841,6625,0.5441666666666667,0.6416666666666667,0.09454583333333333,7118.857142857143,7010.3
2012-10-24,7693,795,6898,0.5875,0.63625,0.07277916666666666,7152.0,7018.866666666667
2012-10-25,7359,875,6484,0.55,0.8004166666666667,0.124375,7130.571428571428,7012.9
2012-10-26,7444,1182,6262,0.5458333333333333,0.8070833333333334,0.13246666666666668,7419.142857142857,7003.266666666666
2012-10-27,7852,2643,5209,0.53,0.7200000000000001,0.23569166666666666,7385.142857142857,7018.566666666667
2012-10-28,4459,998,3461,0.4775,0.6945833333333332,0.39800833333333335,7047.285714285715,6920.033333333334
2012-10-29,22,2,20,0.44,0.88,0.3582,6042.142857142857,6635.6
2012-10-30,1096,87,1009,0.3181818181818182,0.8254545454545454,0.21300909090909093,5132.142857142857,6442.5
2012-10-31,5566,419,5147,0.3575,0.6666666666666666,0.16666666666666666,4828.285714285715,6402.1
2012-11-01,5986,466,5520,0.3658333333333333,0.5816666666666667,0.15734583333333332,4632.142857142857,6447.0
2012-11-02,5847,618,5229,0.355,0.5220833333333333,0.266175,4404.0,6389.5
2012-11-03,5138,1029,4109,0.3433333333333333,0.49124999999999996,0.27052916666666665,4016.285714285714,6316.5
2012-11-04,5107,1201,3906,0.32583333333333336,0.5329166666666667,0.17910833333333334,4108.857142857143,6214.866666666667
2012-11-05,5259,378,4881,0.31916666666666665,0.4941666666666667,0.236325,4857.0,6124.666666666667
2012-11-06,5686,466,5220,0.2808333333333333,0.5670833333333333,0.1735125,5512.714285714285,6197.2
2012-11-07,5035,326,4709,0.29583333333333334,0.5475,0.30410833333333337,5436.857142857143,6182.433333333333
2012-11-08,5315,340,4975,0.3521739130434782,0.3334782608695652,0.34783478260869566,5341.0,6146.533333333334
2012-11-09,5992,709,5283,0.36166666666666664,0.5408333333333334,0.21455833333333332,5361.714285714285,6089.9
2012-11-10,6536,2090,4446,0.38916666666666666,0.6454166666666666,0.05784583333333334,5561.428571428572,6055.433333333333
2012-11-11,6852,2290,4562,0.42083333333333334,0.6591666666666667,0.1275,5810.714285714285,6041.1
2012-11-12,6269,1097,5172,0.48500000000000004,0.7416666666666667,0.17351666666666665,5955.0,6013.1
2012-11-13,4094,327,3767,0.3433333333333333,0.6629166666666667,0.3420458333333333,5727.571428571428,5928.266666666666
2012-11-14,5495,373,5122,0.2891666666666667,0.5520833333333334,0.19962500000000002,5793.285714285715,5915.6
2012-11-15,5445,320,5125,0.32166666666666666,0.6204166666666667,0.1529875,5811.857142857143,5845.966666666666
2012-11-16,5698,484,5214,0.345,0.5245833333333333,0.17102499999999998,5769.857142857143,5787.2
2012-11-17,5629,1313,4316,0.325,0.5454166666666667,0.1797291666666667,5640.285714285715,5724.533333333334
2012-11-18,4669,922,3747,0.3425,0.6929166666666666,0.2276125,5328.428571428572,5699.366666666667
2012-11-19,5499,449,5050,0.38083333333333336,0.6233333333333334,0.23506666666666665,5218.428571428572,5613.0
2012-11-20,5634,534,5100,0.3741666666666667,0.685,0.082725,5438.428571428572,5573.333333333333
2012-11-21,5146,615,4531,0.35333333333333333,0.61375,0.10324583333333333,5388.571428571428,5509.6
2012-11-22,2425,955,1470,0.34,0.5804166666666667,0.05287083333333333,4957.142857142857,5341.566666666667
2012-11-23,3910,1603,2307,0.36833333333333335,0.56875,0.14802083333333335,4701.714285714285,5215.466666666666
2012-11-24,2277,532,1745,0.2783333333333333,0.4045833333333333,0.3768708333333333,4222.857142857143,5046.066666666667
2012-11-25,2424,309,2115,0.24583333333333335,0.4683333333333333,0.1505,3902.1428571428573,4878.733333333334
2012-11-26,5087,337,4750,0.31333333333333335,0.5354166666666667,0.04665,3843.285714285714,4786.566666666667
2012-11-27,3959,123,3836,0.2916666666666667,0.7866666666666666,0.2375625,3604.0,4769.9
2012-11-28,5260,198,5062,0.2966666666666667,0.50625,0.21082083333333335,3620.285714285714,4944.5
2012-11-29,5323,243,5080,0.2808695652173913,0.5556521739130434,0.11552173913043479,4034.285714285714,5085.4
2012-11-30,5668,362,5306,0.29833333333333334,0.6495833333333333,0.05847083333333333,4285.428571428572,5088.8
2012-12-01,5191,951,4240,0.29833333333333334,0.8066666666666666,0.05970416666666667,4701.714285714285,5062.3
2012-12-02,4649,892,3757,0.3475,0.8233333333333334,0.12437916666666667,5019.571428571428,5022.366666666667
2012-12-03,6234,555,5679,0.45249999999999996,0.7675000000000001,0.08272083333333334,5183.428571428572,5058.9
2012-12-04,6606,551,6055,0.47583333333333333,0.73375,0.17412916666666667,5561.571428571428,5108.866666666667
2012-12-05,5729,331,5398,0.4383333333333333,0.48500000000000004,0.32402083333333337,5628.571428571428,5124.533333333334
2012-12-06,5375,340,5035,0.2558333333333333,0.50875,0.17475416666666665,5636.0,5114.166666666667
2012-12-07,5008,349,4659,0.32083333333333336,0.7641666666666667,0.1306,5541.714285714285,5113.266666666666
2012-12-08,5582,1153,4429,0.38166666666666665,0.91125,0.10137916666666667,5597.571428571428,5122.166666666667
2012-12-09,3228,441,2787,0.3841666666666667,0.9054166666666666,0.157975,5394.571428571428,5030.033333333334
2012-12-10,5170,329,4841,0.43583333333333335,0.9249999999999999,0.19030833333333333,5242.571428571428,4984.5
2012-12-11,5501,282,5219,0.35333333333333333,0.5966666666666667,0.2960375,5084.714285714285,4939.466666666666
2012-12-12,5319,310,5009,0.29750000000000004,0.5383333333333333,0.16293749999999999,5026.142857142857,4907.8
2012-12-13,5532,425,5107,0.29583333333333334,0.48583333333333334,0.17412916666666667,5048.571428571428,4955.733333333334
2012-12-14,5611,429,5182,0.2816666666666667,0.6429166666666667,0.13122916666666667,5134.714285714285,4959.6
2012-12-15,5047,767,4280,0.32416666666666666,0.6504166666666666,0.10635,5058.285714285715,4946.333333333333
2012-12-16,3786,538,3248,0.3625,0.83875,0.10074166666666667,5138.0,4882.6
2012-12-17,4585,212,4373,0.3933333333333333,0.9070833333333334,0.09825833333333334,5054.428571428572,4847.8
2012-12-18,5557,433,5124,0.41083333333333333,0.66625,0.22140416666666665,5062.428571428572,4877.4
2012-12-19,5267,333,4934,0.3325,0.6254166666666666,0.18409166666666665,5055.0,4869.666666666667
2012-12-20,4128,314,3814,0.33,0.6679166666666667,0.1324625,4854.428571428572,4819.466666666666
2012-12-21,3623,221,3402,0.32666666666666666,0.5566666666666666,0.37438333333333335,4570.428571428572,4768.7
2012-12-22,1749,205,1544,0.2658333333333333,0.44125,0.4073458333333333,4099.285714285715,4746.166666666667
2012-12-23,1787,408,1379,0.24583333333333335,0.5154166666666666,0.13308333333333333,3813.714285714286,4675.4
2012-12-24,920,174,746,0.23130434782608697,0.7913043478260869,0.0772304347826087,3290.1428571428573,4630.166666666667
2012-12-25,1013,440,573,0.29130434782608694,0.7347826086956522,0.16872608695652175,2641.0,4583.133333333333
2012-12-26,441,9,432,0.24333333333333332,0.8233333333333334,0.31654583333333336,1951.5714285714287,4428.266666666666
2012-12-27,2114,247,1867,0.25416666666666665,0.6529166666666667,0.35013333333333335,1663.857142857143,4366.766666666666
2012-12-28,3095,644,2451,0.25333333333333335,0.59,0.15547083333333334,1588.4285714285713,4294.6
2012-12-29,1341,159,1182,0.25333333333333335,0.7529166666666667,0.12438333333333333,1530.142857142857,4161.866666666667
2012-12-30,1796,364,1432,0.25583333333333336,0.48333333333333334,0.35075416666666664,1531.4285714285713,4032.8
2012-12-31,2729,439,2290,0.21583333333333332,0.5775,0.15484583333333332,1789.857142857143,3950.733333333333
